{"cameraMode":{"drawMode":0,"name":"Shaded","section":"Shading Mode"},"sceneLighting":false,"audioPlay":false,"sceneViewState":{"showFog":true,"showMaterialUpdate":false,"showSkybox":false,"showFlares":true,"showImageEffects":true,"showParticleSystems":true},"in2DMode":false,"pivot":{"x":7.73777961730957,"y":2.644099712371826,"z":11.31614875793457},"rotation":{"x":-0.0045268842950463299,"y":0.9954278469085693,"z":-0.07210467010736466,"w":-0.06249413266777992},"size":21.317392349243165,"orthographic":false}