{"cameraMode":{"drawMode":0,"name":"Shaded","section":"Shading Mode"},"sceneLighting":false,"audioPlay":false,"sceneViewState":{"showFog":true,"showMaterialUpdate":false,"showSkybox":false,"showFlares":true,"showImageEffects":true,"showParticleSystems":true},"in2DMode":false,"pivot":{"x":-20.311532974243165,"y":3.379626750946045,"z":-0.38141918182373049},"rotation":{"x":-0.0045268842950463299,"y":0.9954278469085693,"z":-0.07210467010736466,"w":-0.06249413266777992},"size":11.796117782592774,"orthographic":false}