{"cameraMode":{"drawMode":0,"name":"Shaded","section":"Shading Mode"},"sceneLighting":true,"audioPlay":false,"sceneViewState":{"showFog":true,"showMaterialUpdate":false,"showSkybox":true,"showFlares":true,"showImageEffects":true,"showParticleSystems":true},"in2DMode":false,"pivot":{"x":34.486610412597659,"y":13.348196029663086,"z":70.49324798583985},"rotation":{"x":0.06609219312667847,"y":0.8445391654968262,"z":-0.10724416375160217,"w":0.5204690098762512},"size":28.490951538085939,"orthographic":false}