{"cameraMode":{"drawMode":0,"name":"Shaded","section":"Shading Mode"},"sceneLighting":false,"audioPlay":false,"sceneViewState":{"showFog":true,"showMaterialUpdate":false,"showSkybox":false,"showFlares":true,"showImageEffects":true,"showParticleSystems":true},"in2DMode":false,"pivot":{"x":19.596054077148439,"y":1.2673760652542115,"z":-19.03327751159668},"rotation":{"x":-0.002671961672604084,"y":-0.895290195941925,"z":-0.005372487474232912,"w":0.44546058773994448},"size":3.9694035053253176,"orthographic":true}