{"cameraMode":{"drawMode":0,"name":"Shaded","section":"Shading Mode"},"sceneLighting":false,"audioPlay":false,"sceneViewState":{"showFog":true,"showMaterialUpdate":false,"showSkybox":false,"showFlares":true,"showImageEffects":true,"showParticleSystems":true},"in2DMode":false,"pivot":{"x":0.1362202763557434,"y":5.314332008361816,"z":-2.8313493728637697},"rotation":{"x":0.002986731007695198,"y":0.9911240339279175,"z":-0.13098672032356263,"w":0.022597359493374826},"size":14.196969985961914,"orthographic":false}