{"cameraMode":{"drawMode":0,"name":"Shaded","section":"Shading Mode"},"sceneLighting":false,"audioPlay":false,"sceneViewState":{"showFog":true,"showMaterialUpdate":false,"showSkybox":false,"showFlares":true,"showImageEffects":true,"showParticleSystems":true},"in2DMode":false,"pivot":{"x":1.7863426208496094,"y":5.724456787109375,"z":2.5140953063964845},"rotation":{"x":0.08474120497703552,"y":0.6830591559410095,"z":-0.08028461784124375,"w":0.7209766507148743},"size":2.8578836917877199,"orthographic":true}