{"cameraMode":{"drawMode":0,"name":"Shaded","section":"Shading Mode"},"sceneLighting":true,"audioPlay":false,"sceneViewState":{"showFog":true,"showMaterialUpdate":false,"showSkybox":true,"showFlares":true,"showImageEffects":true,"showParticleSystems":true},"in2DMode":false,"pivot":{"x":1.395883560180664,"y":1.0572919845581055,"z":12.169363021850586},"rotation":{"x":0.08474120497703552,"y":0.6830591559410095,"z":-0.08028461784124375,"w":0.7209766507148743},"size":15.613733291625977,"orthographic":true}