{"cameraMode":{"drawMode":0,"name":"Shaded","section":"Shading Mode"},"sceneLighting":true,"audioPlay":false,"sceneViewState":{"showFog":true,"showMaterialUpdate":false,"showSkybox":true,"showFlares":true,"showImageEffects":true,"showParticleSystems":true},"in2DMode":false,"pivot":{"x":0.004817962646484375,"y":0.30469757318496706,"z":-0.23512542247772218},"rotation":{"x":0.1182817593216896,"y":-0.3899306058883667,"z":0.05058244243264198,"w":0.9118248820304871},"size":1.6089935302734376,"orthographic":false}