{"cameraMode":{"drawMode":0,"name":"Shaded","section":"Shading Mode"},"sceneLighting":false,"audioPlay":false,"sceneViewState":{"showFog":true,"showMaterialUpdate":false,"showSkybox":false,"showFlares":true,"showImageEffects":true,"showParticleSystems":true},"in2DMode":false,"pivot":{"x":19.680557250976564,"y":0.9471625089645386,"z":-19.08830451965332},"rotation":{"x":-0.002671961672604084,"y":-0.895290195941925,"z":-0.005372487474232912,"w":0.44546058773994448},"size":1.0160760879516602,"orthographic":true}