{"cameraMode":{"drawMode":0,"name":"Shaded","section":"Shading Mode"},"sceneLighting":true,"audioPlay":false,"sceneViewState":{"showFog":true,"showMaterialUpdate":false,"showSkybox":true,"showFlares":true,"showImageEffects":true,"showParticleSystems":true},"in2DMode":false,"pivot":{"x":-13.368114471435547,"y":-46.454620361328128,"z":-11.879039764404297},"rotation":{"x":0.21328657865524293,"y":-0.12998513877391816,"z":0.028644127771258355,"w":0.9678803086280823},"size":200.0159149169922,"orthographic":true}